[{"pk": 1, "model": "precios.sucursal", "fields": {"direccion": "Cabildo 3460 - CABA", "cadena": 1, "ciudad": 499, "horarios": "todos los d\u00edas de 8 a 22 hs", "nombre": "WALMART CABILDO", "cp": null, "telefono": null}}, {"pk": 2, "model": "precios.sucursal", "fields": {"direccion": "Albarellos 2565, Cap Fed ", "cadena": 1, "ciudad": 839, "horarios": "todos los d\u00edas de 8 a 22 hs", "nombre": "WALMART GRAFA", "cp": "C1431EZY", "telefono": null}}, {"pk": 3, "model": "precios.sucursal", "fields": {"direccion": "Arias 3771, Saavedra ", "cadena": 1, "ciudad": 267, "horarios": "todos los d\u00edas de 9 a 22 hs", "nombre": "DOT BAIRES", "cp": "C1430CRG", "telefono": null}}, {"pk": 4, "model": "precios.sucursal", "fields": {"direccion": "Nogoy\u00e1 3240 - CABA", "cadena": 1, "ciudad": 89, "horarios": "todos los d\u00edas de 8 a 22 hs", "nombre": "WALMART NOGOY\u00e1", "cp": null, "telefono": null}}, {"pk": 5, "model": "precios.sucursal", "fields": {"direccion": "Ram\u00f3n Falc\u00f3n 2452 - CABA", "cadena": 1, "ciudad": 880, "horarios": "todos los d\u00edas de 8 a 22 hs", "nombre": "WALMART RAM\u00f3N FALC\u00f3N", "cp": null, "telefono": null}}, {"pk": 6, "model": "precios.sucursal", "fields": {"direccion": "Av. Alberdi 1550, Caballito - Capital Federal", "cadena": 1, "ciudad": 1154, "horarios": "todos los d\u00edas de 8 a 22 hs", "nombre": "SUPERMERCADO J. B. ALBERDI", "cp": null, "telefono": null}}, {"pk": 7, "model": "precios.sucursal", "fields": {"direccion": "Honorio Pueyrred\u00f3n 652, Caballito, C.A.B.A", "cadena": 1, "ciudad": 1154, "horarios": "todos los d\u00edas de 8 a 22 hs", "nombre": "WALMART SUPERMERCADO HONORIO PUEYRRED\u00f3N", "cp": null, "telefono": null}}, {"pk": 8, "model": "precios.sucursal", "fields": {"direccion": "Av. G\u00fcemes 861 Avellaneda, Pcia de Buenos Aires  ", "cadena": 1, "ciudad": 5666, "horarios": "todos los d\u00edas de 8 a 22 hs", "nombre": "WALMART AVELLANEDA", "cp": "B1873BOG", "telefono": null}}, {"pk": 9, "model": "precios.sucursal", "fields": {"direccion": "Autopista Buenos Aires - La Plata km. 9 ", "cadena": 1, "ciudad": 5663, "horarios": "todos los d\u00edas de 8 a 22 hs", "nombre": "WALMART PARQUE AVELLANEDA", "cp": "1870", "telefono": null}}, {"pk": 10, "model": "precios.sucursal", "fields": {"direccion": "Brig. Gral. Juan Manuel de Rosas 3990, San Justo, Pcia de Buenos Aires ", "cadena": 1, "ciudad": 223, "horarios": "todos los d\u00edas de 8 a 22 hs", "nombre": "WALMART SAN JUSTO", "cp": "B1754FUX", "telefono": null}}, {"pk": 11, "model": "precios.sucursal", "fields": {"direccion": "Av Calchaqu\u00ed 700, Quilmes ", "cadena": 1, "ciudad": 307, "horarios": "todos los d\u00edas de 8 a 22 hs", "nombre": "WALMART QUILMES", "cp": "B1879ESQ", "telefono": null}}, {"pk": 12, "model": "precios.sucursal", "fields": {"direccion": "Monse\u00f1or Bufano 6050, La Tablada ", "cadena": 1, "ciudad": 3251, "horarios": "todos los d\u00edas de 8 a 22 hs", "nombre": "WALMART LA TABLADA", "cp": "B7163XAA", "telefono": null}}, {"pk": 13, "model": "precios.sucursal", "fields": {"direccion": "Colectora Acceso Norte N\u00b051500, Localidad de Pilar, Partido de Pilar, Provincia de Buenos Aires", "cadena": 1, "ciudad": 423, "horarios": "todos los d\u00edas de 8 a 22 hs", "nombre": "WALMART PILAR", "cp": null, "telefono": null}}, {"pk": 14, "model": "precios.sucursal", "fields": {"direccion": "Cno.Bancalari Boulogne s/n entre 202 y Uruguay, partido de San Fernando ", "cadena": 1, "ciudad": 241, "horarios": "todos los d\u00edas de 8 a 22 hs", "nombre": "WALMART SAN FERNANDO", "cp": "1646", "telefono": null}}, {"pk": 15, "model": "precios.sucursal", "fields": {"direccion": "Camino Centenario 1876, La Plata ", "cadena": 1, "ciudad": 682, "horarios": "todos los d\u00edas de 8 a 22 hs", "nombre": "WALMART LA PLATA", "cp": "B1900GBA", "telefono": null}}, {"pk": 16, "model": "precios.sucursal", "fields": {"direccion": "Av. Sarmiento 4114 Bahia Blanca ", "cadena": 1, "ciudad": 5232, "horarios": "todos los d\u00edas de 8 a 22 hs", "nombre": "WALMART BAHIA BLANCA", "cp": "B8002HGJ", "telefono": null}}, {"pk": 17, "model": "precios.sucursal", "fields": {"direccion": "Payr\u00f3 198, Barrio Juan 23, Luj\u00e1n, Pcia. De Bs.As ", "cadena": 1, "ciudad": 606, "horarios": "todos los d\u00edas de 8 a 22 hs", "nombre": "WALMART LUJ\u00e1N", "cp": "CP 6700", "telefono": null}}, {"pk": 18, "model": "precios.sucursal", "fields": {"direccion": "Av. Rivadavia 4370, Olavarria ", "cadena": 1, "ciudad": 2696, "horarios": "todos los d\u00edas de 8 a 22 hs", "nombre": "WALMART OLAVARRIA", "cp": "CP B7400CVP", "telefono": null}}, {"pk": 19, "model": "precios.sucursal", "fields": {"direccion": "Ruta 21 y Carlos Casares, Laferrere ", "cadena": 1, "ciudad": 707, "horarios": "todos los d\u00edas de 8 a 24 hs", "nombre": "WALMART LAFERRERE", "cp": "CP 1757", "telefono": null}}, {"pk": 20, "model": "precios.sucursal", "fields": {"direccion": "Mauricio Yadarola 1699 - Talleres ", "cadena": 1, "ciudad": 4546, "horarios": "todos los d\u00edas de 8 a 22 hs", "nombre": "WALMART C\u00f3RDOBA ESTE", "cp": "5000", "telefono": null}}, {"pk": 21, "model": "precios.sucursal", "fields": {"direccion": "SC C. OESTE Col\u00f3n 6051, C\u00f3rdoba ", "cadena": 1, "ciudad": 4546, "horarios": "todos los d\u00edas de 8 a 22 hs", "nombre": "WALMART C\u00f3RDOBA OESTE", "cp": "X5003DFS", "telefono": null}}, {"pk": 22, "model": "precios.sucursal", "fields": {"direccion": "Av Circunvalaci\u00f3n Este 2557, C\u00f3rdoba ", "cadena": 1, "ciudad": 4546, "horarios": "todos los d\u00edas de 8 a 22 hs", "nombre": "WALMART C\u00f3RDOBA SUR", "cp": "X5011CZG", "telefono": null}}, {"pk": 23, "model": "precios.sucursal", "fields": {"direccion": "Juan B. Justo 2052 (altura km 6 Ruta A-005) - R\u00edo Cuarto, Pcia de C\u00f3rdoba  ", "cadena": 1, "ciudad": 2179, "horarios": "todos los d\u00edas de 8 a 22 hs", "nombre": "WALMART RIO CUARTO", "cp": "altura km 6 Ruta A-005) - R\u00edo Cuarto, Pcia de C\u00f3rdoba  ( X5806ELB", "telefono": null}}, {"pk": 24, "model": "precios.sucursal", "fields": {"direccion": "Boulogne Sur Mer s/n y Regalado Olguin, Las Heras - Mendoza ", "cadena": 1, "ciudad": 5667, "horarios": "todos los d\u00edas de 8 a 22 hs", "nombre": "WALMART MENDOZA LAS HERAS", "cp": "5500", "telefono": null}}, {"pk": 25, "model": "precios.sucursal", "fields": {"direccion": "Calle San Martin Sur 2575 y Calle Laguna del Diamante - Godoy Cruz - ", "cadena": 1, "ciudad": 3875, "horarios": "todos los d\u00edas de 8 a 22 hs", "nombre": "GODOY CRUZ", "cp": "5519", "telefono": null}}, {"pk": 26, "model": "precios.sucursal", "fields": {"direccion": "Chile y Girolamo, Comodoro Rivadavia, Chubut ", "cadena": 1, "ciudad": 4572, "horarios": "", "nombre": "WALMART COMODORO RIVADAVIA", "cp": "CP 9000", "telefono": null}}, {"pk": 27, "model": "precios.sucursal", "fields": {"direccion": "Ruta nacional 3, Km. 4, frente a avenida Tehuelches, barrio 25 de Mayo, Comodoro Rivadavia.", "cadena": 1, "ciudad": 4572, "horarios": "todos los d\u00edas de 8 a 22 hs", "nombre": "WALMART COMODORO NORTE", "cp": null, "telefono": null}}, {"pk": 28, "model": "precios.sucursal", "fields": {"direccion": "Gregorio Pomar 840, Corrientes ", "cadena": 1, "ciudad": 1005, "horarios": "todos los d\u00edas de 8 a 23 hs", "nombre": "WALMART CORRIENTES", "cp": "W3402CBJ", "telefono": null}}, {"pk": 29, "model": "precios.sucursal", "fields": {"direccion": "Moldes 1023 y Acceso Sur - Dorrego, Guaymall\u00e9n ", "cadena": 1, "ciudad": 5668, "horarios": "", "nombre": "WALMART MENDOZA", "cp": "M5626EAS", "telefono": null}}, {"pk": 30, "model": "precios.sucursal", "fields": {"direccion": "Ruta Nacional 22 y Eugenio Perticone 1255 ", "cadena": 1, "ciudad": 2758, "horarios": "", "nombre": "WALMART NEUQU\u00e9N", "cp": "8300", "telefono": null}}, {"pk": 31, "model": "precios.sucursal", "fields": {"direccion": "Anacleto Medina 319 - Paran\u00e1, Pcia de Entre R\u00edos ", "cadena": 1, "ciudad": 2595, "horarios": "todos los d\u00edas de 8 a 22 hs", "nombre": "WALMART PARAN\u00e1", "cp": "E3100DFG", "telefono": null}}, {"pk": 32, "model": "precios.sucursal", "fields": {"direccion": "Av. J. Ignacio de la Roza 806 Oeste Departamento Rivadavia, San Juan ", "cadena": 1, "ciudad": 225, "horarios": "todos los d\u00edas de 8 a 22 hs", "nombre": "WALMART SAN JUAN", "cp": "J5402DCV", "telefono": null}}, {"pk": 33, "model": "precios.sucursal", "fields": {"direccion": "Ruta Nacional 168 km. 473.6 frente a Barrio El Pozo ", "cadena": 1, "ciudad": 1971, "horarios": "", "nombre": "WALMART SANTA FE", "cp": "3000", "telefono": null}}, {"pk": 34, "model": "precios.sucursal", "fields": {"direccion": "Ruta Nacional 7 y 147 Av del Fundador 1450, San Luis ", "cadena": 1, "ciudad": 2009, "horarios": "todos los d\u00edas de 8 a 22 hs", "nombre": "WALMART SAN LUIS", "cp": "5700", "telefono": null}}, {"pk": 35, "model": "precios.sucursal", "fields": {"direccion": "Av. Camino del Per\u00fa 950 - San Miguel de Tucum\u00e1n ", "cadena": 1, "ciudad": 1999, "horarios": "todos los d\u00edas de 8 a 22:30 hs", "nombre": "WALMART TUCUM\u00e1N", "cp": "CP4000", "telefono": null}}, {"pk": 36, "model": "precios.sucursal", "fields": {"direccion": "Rta. 11 y Marconi, Resistencia, Pcia. Del Chaco ", "cadena": 1, "ciudad": 286, "horarios": "todos los d\u00edas de 8 a 23 hs", "nombre": "RESISTENCIA", "cp": "CP 3500", "telefono": null}}, {"pk": 37, "model": "precios.sucursal", "fields": {"direccion": "Acoyte 702 y Felipe Vallese ", "cadena": 4, "ciudad": 1154, "horarios": "Todos los dias de 9 a 22hs", "nombre": "Acoyte", "cp": null, "telefono": "Tel: 5281-3400"}}, {"pk": 38, "model": "precios.sucursal", "fields": {"direccion": "Guardia Vieja 4558 y Yatay ", "cadena": 4, "ciudad": 1262, "horarios": "Todos los dias de 9 a 22hs", "nombre": "Almagro", "cp": null, "telefono": "Tel: 4867-7300"}}, {"pk": 39, "model": "precios.sucursal", "fields": {"direccion": "Av Santa F\u00e9 4950 ", "cadena": 4, "ciudad": 477, "horarios": "Todos los dias de 9 a 22hs", "nombre": "Av. Santa Fe", "cp": null, "telefono": "Tel: -"}}, {"pk": 40, "model": "precios.sucursal", "fields": {"direccion": "Juan B Justo 4701 ", "cadena": 4, "ciudad": 880, "horarios": "Todos los dias de 9 a 22hs", "nombre": "Juan B. Justo", "cp": null, "telefono": "Tel: 5556-6900"}}, {"pk": 41, "model": "precios.sucursal", "fields": {"direccion": "Lola Mora 427 - Dique 1 ", "cadena": 4, "ciudad": 352, "horarios": "Todos los dias de 9 a 22hs", "nombre": "Madero Harbour", "cp": null, "telefono": "Tel: 4006-3290"}}, {"pk": 42, "model": "precios.sucursal", "fields": {"direccion": "Av. Bullrich 345 ", "cadena": 4, "ciudad": 477, "horarios": "Todos los dias de 9 a 22hs", "nombre": "Palermo", "cp": null, "telefono": "Tel: 4778-8000"}}, {"pk": 43, "model": "precios.sucursal", "fields": {"direccion": "Av. Fernandez de la Cruz 4602 ", "cadena": 4, "ciudad": 55, "horarios": "Todos los dias de 9 a 22hs", "nombre": "Parque Brown", "cp": null, "telefono": "Tel: 4630-4200"}}, {"pk": 44, "model": "precios.sucursal", "fields": {"direccion": "Tronador 801 y Guevara ", "cadena": 4, "ciudad": 839, "horarios": "Todos los dias de 9 a 22hs", "nombre": "Tronador", "cp": null, "telefono": "Tel: 5281-2100"}}, {"pk": 45, "model": "precios.sucursal", "fields": {"direccion": "Ruta 25 N 1710 y Panamericana ", "cadena": 4, "ciudad": 1185, "horarios": "Todos los dias de 9 a 22hs", "nombre": "Escobar", "cp": null, "telefono": "Tel: 441-0200"}}, {"pk": 46, "model": "precios.sucursal", "fields": {"direccion": "Av. Ant\u00e1rtida Argentina 799 - Lavallol", "cadena": 4, "ciudad": 631, "horarios": "Todos los dias de 9 a 22hs", "nombre": "Lomas de Zamora", "cp": null, "telefono": "Tel: 4239-8500"}}, {"pk": 47, "model": "precios.sucursal", "fields": {"direccion": "Juan Manuel de Rosas 658 / 670", "cadena": 4, "ciudad": 523, "horarios": "Todos los dias de 9 a 22hs", "nombre": "Mor\u00f3n", "cp": null, "telefono": "Tel: 4489-8000"}}, {"pk": 48, "model": "precios.sucursal", "fields": {"direccion": "Av. Boulogne Sur Mer 1275", "cadena": 4, "ciudad": 844, "horarios": "Todos los dias de 9 a 22hs", "nombre": "Pacheco Novo", "cp": null, "telefono": ""}}, {"pk": 49, "model": "precios.sucursal", "fields": {"direccion": "Las Magnolias 698", "cadena": 4, "ciudad": 423, "horarios": "Todos los dias de 9 a 22hs", "nombre": "Pilar", "cp": null, "telefono": "Tel: 02322-474000"}}, {"pk": 50, "model": "precios.sucursal", "fields": {"direccion": "Av. Libertador San Mart\u00edn 226 -", "cadena": 4, "ciudad": 314, "horarios": "Todos los dias de 9 a 22hs", "nombre": "Punta Chica", "cp": null, "telefono": "San Fernando"}}, {"pk": 51, "model": "precios.sucursal", "fields": {"direccion": "Av. Calchaqu\u00ed 3950 ", "cadena": 4, "ciudad": 307, "horarios": "Todos los dias de 9 a 22hs", "nombre": "Quilmes 1", "cp": null, "telefono": "Tel: 4229-4000 / 4229-4013 al 39"}}, {"pk": 52, "model": "precios.sucursal", "fields": {"direccion": "Av. Mitre 1075", "cadena": 4, "ciudad": 307, "horarios": "Todos los dias de 9 a 22hs", "nombre": "Quilmes 2", "cp": null, "telefono": ""}}, {"pk": 53, "model": "precios.sucursal", "fields": {"direccion": "San Lorenzo 3773", "cadena": 4, "ciudad": 841, "horarios": "Todos los dias de 9 a 22hs", "nombre": "San Mart\u00edn", "cp": null, "telefono": "Tel: 5789-1600"}}, {"pk": 54, "model": "precios.sucursal", "fields": {"direccion": "A. Paran\u00e1 3745", "cadena": 4, "ciudad": 570, "horarios": "Todos los dias de 9 a 22hs", "nombre": "Unicenter", "cp": null, "telefono": "Tel: 4733-1100"}}, {"pk": 55, "model": "precios.sucursal", "fields": {"direccion": "San Mart\u00edn 6279 - Carrodilla - Luj\u00e1n de Cuyo ", "cadena": 4, "ciudad": 3033, "horarios": "Todos los dias de 9 a 22hs", "nombre": "Chacras", "cp": null, "telefono": "Tel: -"}}, {"pk": 56, "model": "precios.sucursal", "fields": {"direccion": "Gral. Balcarce 897 - Godoy Cruz", "cadena": 4, "ciudad": 3875, "horarios": "Todos los dias de 9 a 22hs", "nombre": "Mendoza", "cp": null, "telefono": "Tel: 4410200"}}, {"pk": 57, "model": "precios.sucursal", "fields": {"direccion": "Av. J.J Lastra 2400 - Neuqu\u00e9n ", "cadena": 4, "ciudad": 2758, "horarios": "Todos los dias de 9 a 22hs", "nombre": "Neuqu\u00e9n", "cp": null, "telefono": "Tel: 4493000 al 3040"}}, {"pk": 58, "model": "precios.sucursal", "fields": {"direccion": "20 de Febrero 1437 ", "cadena": 4, "ciudad": 2081, "horarios": "Todos los dias de 9 a 22hs", "nombre": "Salta", "cp": null, "telefono": "Tel: -"}}, {"pk": 59, "model": "precios.sucursal", "fields": {"direccion": "Nansen 255 ", "cadena": 4, "ciudad": 2127, "horarios": "Todos los dias de 9 a 22hs", "nombre": "Rosario", "cp": null, "telefono": "Tel: 409-7000"}}, {"pk": 60, "model": "precios.sucursal", "fields": {"direccion": "Fermin Cariola 42 - Yerba Buena ", "cadena": 4, "ciudad": 5669, "horarios": "Todos los dias de 9 a 22hs", "nombre": "Tucum\u00e1n", "cp": null, "telefono": "Tel: 0810-999-JUMBO(58626)"}}, {"pk": 61, "model": "precios.sucursal", "fields": {"direccion": "Av Juan Bautista Alberdi 1363", "cadena": 5, "ciudad": 1154, "horarios": "Lun/Vie 9 a 21. Sab 9 a 22. Dom cerrado. Fer 9 a 21", "nombre": "Alberdi 1363-CABA", "cp": null, "telefono": "44332030"}}, {"pk": 62, "model": "precios.sucursal", "fields": {"direccion": "Ar\u00e1oz 247", "cadena": 5, "ciudad": 92, "horarios": "Lun/Vie 9 a 21. Sab 9 a 22. Dom y Fer 9 a 21", "nombre": "Ar\u00e1oz 247-CABA", "cp": null, "telefono": "48563737"}}, {"pk": 63, "model": "precios.sucursal", "fields": {"direccion": "Av Santa Fe 2653", "cadena": 5, "ciudad": 289, "horarios": "Lun/Vie 9 a 21. Sab 9 a 22. Dom cerrado. Fer 9 a 21", "nombre": "Av.Sta Fe 2653-CABA", "cp": null, "telefono": "48222255"}}, {"pk": 64, "model": "precios.sucursal", "fields": {"direccion": "Av C\u00f3rdoba 6013", "cadena": 5, "ciudad": 1098, "horarios": "Lun/Vie 9 a 21. Sab 9 a 22. Dom y fer 9 a 21", "nombre": "AvC\u00f3rdoba 6013-CABA", "cp": null, "telefono": "4576-8600"}}, {"pk": 65, "model": "precios.sucursal", "fields": {"direccion": "Av San Juan 2850", "cadena": 5, "ciudad": 5675, "horarios": "Lun/Sab 8.30 a 21. Dom y fer 9 a 21", "nombre": "AvSan Juan 2850-CABA", "cp": null, "telefono": "4308-2002"}}, {"pk": 66, "model": "precios.sucursal", "fields": {"direccion": "Avenida Parchappe 1450", "cadena": 5, "ciudad": 5232, "horarios": "Lun/Vie 8.30 a 21.30. Sab 8.30 a 21.30. Dom y fer 9 a 21", "nombre": "B. Blanca-C.Martinez", "cp": null, "telefono": "0291-4550013"}}, {"pk": 67, "model": "precios.sucursal", "fields": {"direccion": "Casanova 472", "cadena": 5, "ciudad": 5232, "horarios": "Lun/Vie 8.30 a 21.30. Sab 8.30 a 21.30. Dom y fer 9 a 21", "nombre": "B. Blanca-Casanova", "cp": null, "telefono": "0291-4557517"}}, {"pk": 68, "model": "precios.sucursal", "fields": {"direccion": "Bulnes 1048", "cadena": 5, "ciudad": 1262, "horarios": "Lun/Vie 9 a 21. Sab 9 a 22. Dom cerrado. Fer 9 a 21", "nombre": "Bulnes 1048-CABA", "cp": null, "telefono": "48643985"}}, {"pk": 69, "model": "precios.sucursal", "fields": {"direccion": "Castro Barros 148", "cadena": 5, "ciudad": 1262, "horarios": "Lun/Sab 8.30 a 21. Dom y fer 9 a 21", "nombre": "C.Barros148-CABA", "cp": null, "telefono": "4981-7178"}}, {"pk": 70, "model": "precios.sucursal", "fields": {"direccion": "Azcu\u00e9naga 738", "cadena": 5, "ciudad": 1131, "horarios": "Lun/Sab 8.30 a 21. Dom y fer 9 a 21", "nombre": "Ca\u00f1uelas", "cp": null, "telefono": "02226-421604"}}, {"pk": 71, "model": "precios.sucursal", "fields": {"direccion": "Bartolom\u00e9 Mitre 4636", "cadena": 5, "ciudad": 1114, "horarios": "Lun/Vie 9 a 21. Sab 9 a 22. Dom y fer 9 a 21", "nombre": "Caseros-GBA", "cp": null, "telefono": "4734-6815"}}, {"pk": 72, "model": "precios.sucursal", "fields": {"direccion": "Av Estanislao Zeballos 3154", "cadena": 5, "ciudad": 1113, "horarios": "Lun/Vie 8 a 21. Sab 9 a 21. Dom y fer 9 a 21", "nombre": "Castelar-GBA", "cp": null, "telefono": "4623-1430"}}, {"pk": 73, "model": "precios.sucursal", "fields": {"direccion": "Carlos Pellegrini 150", "cadena": 5, "ciudad": 4767, "horarios": "Lun/Vie 9 a 21. Sab 9 a 22. Dom y fer 9 a 21", "nombre": "Chivilcoy", "cp": null, "telefono": "02346 422717/420110/427157/422547"}}, {"pk": 74, "model": "precios.sucursal", "fields": {"direccion": "Av San Mart\u00edn 6779", "cadena": 5, "ciudad": 4411, "horarios": "Lun/Vie 9 a 21. Sab 9 a 22. Dom cerrado. Fer 9 a 14", "nombre": "Devoto-CABA", "cp": null, "telefono": "4571-6585/6129"}}, {"pk": 75, "model": "precios.sucursal", "fields": {"direccion": "Panamericana 25500", "cadena": 5, "ciudad": 967, "horarios": "Lun/Vie 9 a 21. Sab 9 a 22. Dom y fer 9 a 21", "nombre": "Don Torcuato-GBA", "cp": null, "telefono": "4846-1647"}}, {"pk": 76, "model": "precios.sucursal", "fields": {"direccion": "Herrera 803", "cadena": 5, "ciudad": 1203, "horarios": "Lun/Sab 8.30 a 21. Dom y fer 9 a 21", "nombre": "Herrera 803-CABA", "cp": null, "telefono": "5300-8450"}}, {"pk": 77, "model": "precios.sucursal", "fields": {"direccion": "Av Gdor. Vergara 3275", "cadena": 5, "ciudad": 787, "horarios": "Lun/Vie 9 a 21. Sab 9 a 22. Dom y fer 9 a 21", "nombre": "Hurlingham-GBA", "cp": null, "telefono": "4662-8910"}}, {"pk": 78, "model": "precios.sucursal", "fields": {"direccion": "Av Independencia 4221", "cadena": 5, "ciudad": 1171, "horarios": "Lun/Vie 9 a 21. Sab 9 a 22. Dom 9 a 15. Fer 9 a 21", "nombre": "Independencia-CABA", "cp": null, "telefono": "49586923"}}, {"pk": 79, "model": "precios.sucursal", "fields": {"direccion": "Argentino Roca 35", "cadena": 5, "ciudad": 3613, "horarios": "Lun/Vie 9 a 21. Sab 9 a 22. Dom y fer 9 a 21", "nombre": "Jun\u00edn-Altaliva Roca 35", "cp": null, "telefono": "02362-421323"}}, {"pk": 80, "model": "precios.sucursal", "fields": {"direccion": "Ituzaing\u00f3 43", "cadena": 5, "ciudad": 3613, "horarios": "Lun/Vie 9 a 21. Sab 9 a 22. Dom y fer 9 a 21", "nombre": "Jun\u00edn-Ituzaing\u00f3 43", "cp": null, "telefono": "02362-440938"}}, {"pk": 81, "model": "precios.sucursal", "fields": {"direccion": "Av 19 1", "cadena": 5, "ciudad": 682, "horarios": "Lun/Sab 8.30 a 21. Dom cerrado. Fer 9 a 14", "nombre": "La Plata - Av 19", "cp": null, "telefono": "0221-424-2607"}}, {"pk": 82, "model": "precios.sucursal", "fields": {"direccion": "Av 13 1950", "cadena": 5, "ciudad": 682, "horarios": "Lun/Sab 8.30 a 21. Dom y fer 9 a 21", "nombre": "La Plata-Av. 13", "cp": null, "telefono": "0221-457-5597"}}, {"pk": 83, "model": "precios.sucursal", "fields": {"direccion": "Calle 45 370", "cadena": 5, "ciudad": 682, "horarios": "Lun/Sab 8.30 a 21.30. Dom y fer 9 a 21", "nombre": "La Plata-Calle 45", "cp": null, "telefono": "0221-423-2929"}}, {"pk": 84, "model": "precios.sucursal", "fields": {"direccion": "Calle 47 800", "cadena": 5, "ciudad": 682, "horarios": "Lun/Sab 8.30 a 21. Dom y fer 9 a 14", "nombre": "La Plata-Calle 47", "cp": null, "telefono": "0221-422-8221"}}, {"pk": 85, "model": "precios.sucursal", "fields": {"direccion": "Calle 525 1350", "cadena": 5, "ciudad": 682, "horarios": "Lun/Sab 9 a 21. Dom y fer 9 a 21", "nombre": "La Plata-Calle 525", "cp": null, "telefono": "0221-4228220"}}, {"pk": 86, "model": "precios.sucursal", "fields": {"direccion": "Av. Hipolito Yrigoyen 3043", "cadena": 5, "ciudad": 688, "horarios": "Lun/Sab 8.30 a 21.30. Dom y fer 9 a 21", "nombre": "Lan\u00fas-Yrigoyen 3043", "cp": null, "telefono": "4225-8000"}}, {"pk": 87, "model": "precios.sucursal", "fields": {"direccion": "Av. H. Yrigoyen 4174", "cadena": 5, "ciudad": 688, "horarios": "Lun/Sab 8.30 a 21. Dom y fer 9 a 21", "nombre": "Lan\u00fas-Yrigoyen 4174", "cp": null, "telefono": "42258038"}}, {"pk": 88, "model": "precios.sucursal", "fields": {"direccion": "Larrea 833", "cadena": 5, "ciudad": 289, "horarios": "Lun/Vie 9 a 21. Sab 9 a 22. Dom cerrado. Fer 9 a 21", "nombre": "Larrea 833-CABA", "cp": null, "telefono": "49611952"}}, {"pk": 89, "model": "precios.sucursal", "fields": {"direccion": "Albertini 9", "cadena": 5, "ciudad": 636, "horarios": "Lun/Sab 8.30 a 21. Dom cerrado. Fer 9 a 14", "nombre": "Lobos", "cp": null, "telefono": "0227-424-850"}}, {"pk": 90, "model": "precios.sucursal", "fields": {"direccion": "25 de Mayo 260", "cadena": 5, "ciudad": 606, "horarios": "Lun/Vie 9 a 21. Sab 9 a 22. Dom y fer 9 a 21", "nombre": "Luj\u00e1n", "cp": null, "telefono": "0232-343-0420"}}, {"pk": 91, "model": "precios.sucursal", "fields": {"direccion": "Gral. Lucio Norberto Mansilla 3640", "cadena": 5, "ciudad": 477, "horarios": "Lun/Vie 9 a 21. Sab 9 a 22. Dom 14 a 21. Fer 9 a 21", "nombre": "Mansilla 3640-CABA", "cp": null, "telefono": "48238111"}}, {"pk": 92, "model": "precios.sucursal", "fields": {"direccion": "Av Pedro Luro 3900", "cadena": 5, "ciudad": 582, "horarios": "Lun/Vie 8 a 21. Sab 8 a 21. Dom y fer 9 a 21", "nombre": "MDQ-Av P.Luro", "cp": null, "telefono": "0223-4736888"}}, {"pk": 93, "model": "precios.sucursal", "fields": {"direccion": "Tom\u00e1s Edison 1118", "cadena": 5, "ciudad": 582, "horarios": "Lun/Vie 8 a 21. Sab 8 a 21. Dom y fer 9 a 21", "nombre": "MDQ-Edison", "cp": null, "telefono": "0223-4897200"}}, {"pk": 94, "model": "precios.sucursal", "fields": {"direccion": "Av Independencia 3700", "cadena": 5, "ciudad": 582, "horarios": "Lun/Vie 8 a 21. Sab 8 a 21. Dom y fer 9 a 21", "nombre": "MDQ-Independencia", "cp": null, "telefono": "0223-4744107"}}, {"pk": 95, "model": "precios.sucursal", "fields": {"direccion": "Calle 29 399", "cadena": 5, "ciudad": 557, "horarios": "Lun/Vie 9 a 21. Sab 9 a 22. Dom y fer 9 a 21", "nombre": "Mercedes", "cp": null, "telefono": "0232-442-6666"}}, {"pk": 96, "model": "precios.sucursal", "fields": {"direccion": "Av del Libertador 28", "cadena": 5, "ciudad": 556, "horarios": "Lun/Vie 9 a 21. Sab 9 a 22. Dom y fer 9 a 21", "nombre": "Merlo-Av. Libertador", "cp": null, "telefono": "0220-485-9460"}}, {"pk": 97, "model": "precios.sucursal", "fields": {"direccion": "Suipacha 645", "cadena": 5, "ciudad": 556, "horarios": "Lun/Vie 9 a 21. Sab 9 a 22. Dom cerrado. Fer 9 a 21", "nombre": "Merlo-Suipacha 645", "cp": null, "telefono": "0220-4821970"}}, {"pk": 98, "model": "precios.sucursal", "fields": {"direccion": "Bv. Buenos Aires 1136", "cadena": 5, "ciudad": 533, "horarios": "Lun/Sab 8.30 a 21. Dom y fer 9 a 21", "nombre": "Monte Grande-GBA", "cp": null, "telefono": "4281-9030"}}, {"pk": 99, "model": "precios.sucursal", "fields": {"direccion": "Av del Libertador 552", "cadena": 5, "ciudad": 5606, "horarios": "Lun/Vie 9 a 21. Sab 9 a 22. Dom y fer 9 a 21", "nombre": "Moreno-GBA", "cp": null, "telefono": "0237-463-5460"}}, {"pk": 100, "model": "precios.sucursal", "fields": {"direccion": "Cambon 255", "cadena": 5, "ciudad": 523, "horarios": "Lun/Vie 9 a 21. Sab 9 a 22. Dom cerrado. Fer 9 a 19", "nombre": "Mor\u00f3n-GBA", "cp": null, "telefono": "4627-8704"}}, {"pk": 101, "model": "precios.sucursal", "fields": {"direccion": "Av 59 1700", "cadena": 5, "ciudad": 512, "horarios": "Lun/Vie 8.30 a 21.30. Sab 8.30 a 21.30. Dom y fer 9 a 21", "nombre": "Necochea", "cp": null, "telefono": "02262-431662"}}, {"pk": 102, "model": "precios.sucursal", "fields": {"direccion": "Av Juan Domingo Per\u00f3n 23770", "cadena": 5, "ciudad": 250, "horarios": "Lun/Vie 9 a 21. Sab 9 a 22. Dom y fer 9 a 21", "nombre": "Padua - GBA", "cp": null, "telefono": "-"}}, {"pk": 103, "model": "precios.sucursal", "fields": {"direccion": "9 de Julio 1200", "cadena": 5, "ciudad": 2525, "horarios": "Lun/Vie 9 a 21. Sab 9 a 22. Dom y fer 9 a 21", "nombre": "Pergamino", "cp": null, "telefono": "02474-420791"}}, {"pk": 104, "model": "precios.sucursal", "fields": {"direccion": "Av Hip\u00f3lito Yrigoyen 6141", "cadena": 5, "ciudad": 287, "horarios": "Lun/Sab 8.30 a 21. Dom y fer 9 a 14", "nombre": "Remedios de Escalada", "cp": null, "telefono": "4288-1255"}}, {"pk": 105, "model": "precios.sucursal", "fields": {"direccion": "Rojas", "cadena": 5, "ciudad": 2133, "horarios": "Lun/Vie 9 a 21. Sab 9 a 22. Dom y fer 9 a 21", "nombre": "Rojas-Julio A Roca 351", "cp": null, "telefono": "02475-462612/2918"}}, {"pk": 106, "model": "precios.sucursal", "fields": {"direccion": "Manzanares 3953", "cadena": 5, "ciudad": 267, "horarios": "Lun/Vie 9 a 21. Sab 9 a 22. Dom 9 a 14. Fer 9 a 21", "nombre": "Saavedra-CABA", "cp": null, "telefono": "4546-3968"}}, {"pk": 107, "model": "precios.sucursal", "fields": {"direccion": "Saladillo", "cadena": 5, "ciudad": 263, "horarios": "Lun/Sab 8.30 a 21. Dom cerrado. Fer 9 a 21", "nombre": "Saladillo-M. Sojo 2936", "cp": null, "telefono": "02344-45-0037"}}, {"pk": 108, "model": "precios.sucursal", "fields": {"direccion": "Calle 3 2179", "cadena": 5, "ciudad": 245, "horarios": "Lun/Vie 8 a 24. Sab 8 a 24. Dom y fer 8 a 24", "nombre": "San Clemente del Tuy\u00fa", "cp": null, "telefono": "-"}}, {"pk": 109, "model": "precios.sucursal", "fields": {"direccion": "Avenida Ricardo Balb\u00edn 4696", "cadena": 5, "ciudad": 5674, "horarios": "Lun/Vie 9 a 21. Sab 9 a 21. Dom y fer 9 a 19", "nombre": "San Miguel-GBA", "cp": null, "telefono": "4455-2930"}}, {"pk": 110, "model": "precios.sucursal", "fields": {"direccion": "Ituzaing\u00f3 900", "cadena": 5, "ciudad": 216, "horarios": "Lun/Vie 8:30 a 21.30. Sab 8 a 22. Dom y fer 9 a 21", "nombre": "San Pedro", "cp": null, "telefono": "-"}}, {"pk": 111, "model": "precios.sucursal", "fields": {"direccion": "Leandro N. Alem 447", "cadena": 5, "ciudad": 161, "horarios": "Lun/Vie 8.30 a 21.30. Sab 8.30 a 21.30. Dom y fer 9 a 21", "nombre": "Tandil", "cp": null, "telefono": "02293-422480"}}, {"pk": 112, "model": "precios.sucursal", "fields": {"direccion": "Av V\u00e9lez Sarsfield 576", "cadena": 5, "ciudad": 159, "horarios": "Lun/Sab 8.30 a 21. Dom y fer 9 a 21", "nombre": "Tapiales-GBA", "cp": null, "telefono": "4442-6363"}}, {"pk": 113, "model": "precios.sucursal", "fields": {"direccion": "Calle 1810 124", "cadena": 5, "ciudad": 1654, "horarios": "Lun/Sab 8 a 21. Domingos cerrado. Feriados 9 a 21", "nombre": "Tres Arroyos", "cp": null, "telefono": "2983-434482"}}, {"pk": 114, "model": "precios.sucursal", "fields": {"direccion": "Gdor. Felipe Figueroa 250", "cadena": 5, "ciudad": 2043, "horarios": "-", "nombre": "Altos del Solar", "cp": null, "telefono": null}}, {"pk": 115, "model": "precios.sucursal", "fields": {"direccion": "Av. Belgrano 960", "cadena": 5, "ciudad": 2043, "horarios": "Lun/Vie 8 a 22. Sab 8 a 22. Dom y fer 8 a 22.", "nombre": "Av. Belgrano 960", "cp": null, "telefono": "03833 454450"}}, {"pk": 116, "model": "precios.sucursal", "fields": {"direccion": "Av. G\u00fcemes 900", "cadena": 5, "ciudad": 2043, "horarios": "Lun/Vie 8 a 22.30. Sab 8 a 22.30. Dom y fer 8 a 22.", "nombre": "Av. G\u00fcemes", "cp": null, "telefono": "03833 451214"}}, {"pk": 117, "model": "precios.sucursal", "fields": {"direccion": "Av Pres. Castillo 254", "cadena": 5, "ciudad": 2043, "horarios": "Lun/Sab 8 a 13 / 17 a 22 Dom y fer 8.30 a 22.", "nombre": "Patio Palmera", "cp": null, "telefono": null}}, {"pk": 118, "model": "precios.sucursal", "fields": {"direccion": "Rivadavia 954", "cadena": 5, "ciudad": 2043, "horarios": "Lun/Vie 8 a 22. Sab 8 a 22. Dom y fer 8 a 22.", "nombre": "Petaonal - Rivadavia 954", "cp": null, "telefono": "03833 452222"}}, {"pk": 119, "model": "precios.sucursal", "fields": {"direccion": "Av. Alberdi 528", "cadena": 5, "ciudad": 286, "horarios": "Lun/Vie 8.30 a 21.30. Sab 8 a 22. Dom y fer 9 a 13 y 16 a 22", "nombre": "Resistencia", "cp": null, "telefono": "01140063204"}}, {"pk": 120, "model": "precios.sucursal", "fields": {"direccion": "Manuel Belgrano 370", "cadena": 5, "ciudad": 2326, "horarios": "Lun/Vie 8.30 a 21.30. Sab 8.30 a 21.30. Dom y fer 9 a 21", "nombre": "Puerto Madryn", "cp": null, "telefono": "02965-476281/82"}}, {"pk": 121, "model": "precios.sucursal", "fields": {"direccion": "Josiah Williams 300", "cadena": 5, "ciudad": 1660, "horarios": "Lun/Vie 9 a 22. Sab 9 a 22. Dom y fer 9 a 22", "nombre": "Trelew", "cp": null, "telefono": "-"}}, {"pk": 122, "model": "precios.sucursal", "fields": {"direccion": "Av Juan B. Justo 3900", "cadena": 5, "ciudad": 4546, "horarios": "Lun/San 8.30 a 22. Dom y fer 9.30 a 22", "nombre": "Alta Cba.", "cp": null, "telefono": "4707187/89/90"}}, {"pk": 123, "model": "precios.sucursal", "fields": {"direccion": "Av Col\u00f3n 2300", "cadena": 5, "ciudad": 4546, "horarios": "Lun/Vie 8.30 a 22. Sab 8.30 a 22. Dom y fer 9 a 22.", "nombre": "Alto Alberdi", "cp": null, "telefono": "4337002"}}, {"pk": 124, "model": "precios.sucursal", "fields": {"direccion": "Av Rafael N\u00fa\u00f1ez 5557", "cadena": 5, "ciudad": 4546, "horarios": "Lun/Vie 8.30 a 22. Sab 8.30 a 22. Dom y fer 9 a 14 y 17 a 22", "nombre": "Arg\u00fcello", "cp": null, "telefono": "(03543)449049/51"}}, {"pk": 125, "model": "precios.sucursal", "fields": {"direccion": "Bell Ville, Cordoba", "cadena": 5, "ciudad": 5133, "horarios": "Lun/Sab 8.30 a 13 / 17 a 21.30. Dom cerrado. Fer 9 a 13.", "nombre": "Bell Ville-Av C\u00f3rdoba 373", "cp": null, "telefono": "(03534) 424398/424778/24451"}}, {"pk": 126, "model": "precios.sucursal", "fields": {"direccion": "Bv Col\u00f3n 850", "cadena": 5, "ciudad": 5133, "horarios": "Lun/Vie 8.30 a 13.30 / 16.30 a 22. Sab 8.30 a 22. Dom y fer 9 a 14 / 17 a 22", "nombre": "Bell Ville-Bv. Col\u00f3n 850", "cp": null, "telefono": "(03534)428538/40"}}, {"pk": 127, "model": "precios.sucursal", "fields": {"direccion": "Av Santa Ana 4300", "cadena": 5, "ciudad": 4546, "horarios": "Lun/Sab 8.30 a 22. Dom y fer 9 a 14 / 17 a 22.", "nombre": "B\u00b0 Las Palmas", "cp": null, "telefono": "0351 4867415"}}, {"pk": 128, "model": "precios.sucursal", "fields": {"direccion": "Av Col\u00f3n 461", "cadena": 5, "ciudad": 4546, "horarios": "Lun/Sab 8.30 a 22. Dom cerrado. Fer 9 a 14", "nombre": "Centro-Av. Col\u00f3n 461", "cp": null, "telefono": "4331031"}}, {"pk": 129, "model": "precios.sucursal", "fields": {"direccion": "Av Emilio Olmos 78", "cadena": 5, "ciudad": 4546, "horarios": "Lun/Sab 8.30 a 22. Dom y fer 9 a 15", "nombre": "Centro-Av. Olmos 78", "cp": null, "telefono": "4331015/16"}}, {"pk": 130, "model": "precios.sucursal", "fields": {"direccion": "Bv. Chacabuco 199", "cadena": 5, "ciudad": 4546, "horarios": "Lun/Sab 8.30 a 22. Dom y fer 9 a 14 y 17.30 a 21.30", "nombre": "Chacabuco", "cp": null, "telefono": "(0351) 4331021/22"}}, {"pk": 131, "model": "precios.sucursal", "fields": {"direccion": "Av 24 de Septiembre 1330", "cadena": 5, "ciudad": 4546, "horarios": "Lun/Jue 8.30 a 13.30 y 17 a 22. Vie/Sab 8.30 a 22. Dom y fer 9 a 14", "nombre": "Gral. Paz", "cp": null, "telefono": "4339004/05"}}, {"pk": 132, "model": "precios.sucursal", "fields": {"direccion": "Av Ciudad de Valpara\u00edso 1080", "cadena": 5, "ciudad": 4546, "horarios": "Lun/Vie 8 a 22. Sab 8 a 22. Dom y fer 9 a 14 / 17 a 22.", "nombre": "Ipon\u00e1", "cp": null, "telefono": "4334007/08"}}, {"pk": 133, "model": "precios.sucursal", "fields": {"direccion": "La Calera, Cordoba", "cadena": 5, "ciudad": 3571, "horarios": "Lun/Vie 8.30 a 13.30 / 16.30 a 22. Sab 8.30 a 22. Dom y fer 9 a 14", "nombre": "La Calera-S.Moyano 200", "cp": null, "telefono": "(03543)468268/466111"}}, {"pk": 134, "model": "precios.sucursal", "fields": {"direccion": "Av Fuerza A\u00e9rea Argentina 2080", "cadena": 5, "ciudad": 4546, "horarios": "Lun/Sab 8.30 a 22. Dom y fer 9 a 14 y 17 a 22", "nombre": "Los Naranjos", "cp": null, "telefono": "4333350/51/4333002"}}, {"pk": 135, "model": "precios.sucursal", "fields": {"direccion": "Av Gdor. Amadeo Sabattini 2180", "cadena": 5, "ciudad": 4546, "horarios": "Lun/Sab 8.30 a 22. Dom y fer 9 a 14 y 17.30 a 21", "nombre": "Maip\u00fa", "cp": null, "telefono": "4338502/06/03"}}, {"pk": 136, "model": "precios.sucursal", "fields": {"direccion": "Lardizabal 900", "cadena": 5, "ciudad": 2955, "horarios": "Lun/Sab 8 a 13 / 16 a 21.30. Dom y fer 8.30 a 13.30.", "nombre": "Marcos Juarez", "cp": null, "telefono": "(03472)423118/119"}}, {"pk": 137, "model": "precios.sucursal", "fields": {"direccion": "Av Santa Ana 1776", "cadena": 5, "ciudad": 4546, "horarios": "Lun/Vie 8 a 22. Sab 8 a 22. Dom y fer cerrado.", "nombre": "P. de los Andes", "cp": null, "telefono": "4337004"}}, {"pk": 138, "model": "precios.sucursal", "fields": {"direccion": "Tom\u00e1s Garz\u00f3n", "cadena": 5, "ciudad": 423, "horarios": "Lun/Vie 8 a 13 / 16.30 a 21.30. Sab 8 a 21.30. Dom cerrado. Fer 8 a 13.", "nombre": "Pilar-T. Garz\u00f3n y Alberdi", "cp": null, "telefono": "(03572) 478255/54"}}, {"pk": 139, "model": "precios.sucursal", "fields": {"direccion": "Av Armada Argentina 334", "cadena": 5, "ciudad": 4546, "horarios": "Lun/Sab 8.30 a 22. Dom y fer 9 a 22", "nombre": "Pque. Atl\u00e1ntica", "cp": null, "telefono": "4334010/12/13"}}, {"pk": 140, "model": "precios.sucursal", "fields": {"direccion": "Buchardo 1600", "cadena": 5, "ciudad": 4546, "horarios": "Lun/Sab 8.30 a 14 y 16.30 a 22. Dom y fer 9 a 14", "nombre": "Pueyrred\u00f3n", "cp": null, "telefono": "4518386"}}, {"pk": 141, "model": "precios.sucursal", "fields": {"direccion": "Modesto Acu\u00f1a 50", "cadena": 5, "ciudad": 2159, "horarios": "Lun/Vie 8.30 a 13.30 / 16.30 a 22. Sab 8.30 a 22. Dom y fer 9 a 14 / 17 a 22.", "nombre": "RIO III - M. Acu\u00f1a 50", "cp": null, "telefono": "(03571)430-511/999/001"}}, {"pk": 142, "model": "precios.sucursal", "fields": {"direccion": "Av Gral. Savio 1280", "cadena": 5, "ciudad": 2159, "horarios": "Lun/Sab 8 a 13.30 / 16.30 a 22. Dom y fer cerrado.", "nombre": "Rio III-M. Savio 1280", "cp": null, "telefono": "(03571)420232/425090"}}, {"pk": 143, "model": "precios.sucursal", "fields": {"direccion": "Av Amadeo Sabattini 2176", "cadena": 5, "ciudad": 2179, "horarios": "Lun/Sab 8.30 a 22. Dom y fer 9 a 22.", "nombre": "RIO IV-Av Sabattini 2176", "cp": null, "telefono": "(0358)463-9360/61/64"}}, {"pk": 144, "model": "precios.sucursal", "fields": {"direccion": "Granaderos 200", "cadena": 5, "ciudad": 2179, "horarios": "Lun/Sab 8.30 a 22.30. Dom y fer 9 a 22.30.", "nombre": "RIO IV-Granaderos 200", "cp": null, "telefono": "(0358)4650101/04"}}, {"pk": 145, "model": "precios.sucursal", "fields": {"direccion": "Av Marcelo T. de Alvear 350", "cadena": 5, "ciudad": 2179, "horarios": "Lun/Sab 8.30 a 22. Dom y fer 9 a 22.", "nombre": "RIO IV-M.T. de Alvear 350", "cp": null, "telefono": "(0358)4630000"}}, {"pk": 146, "model": "precios.sucursal", "fields": {"direccion": "25 de Mayo 2127", "cadena": 5, "ciudad": 240, "horarios": "Lun/Vie 8.30 a 13.30 / 16.30 a 22. Sab 8.30 a 22. Dom 9 a 13. Fer 9 a 14.", "nombre": "San Francisco", "cp": null, "telefono": "(03564)428032"}}, {"pk": 147, "model": "precios.sucursal", "fields": {"direccion": "San Jer\u00f3nimo 2830", "cadena": 5, "ciudad": 4546, "horarios": "Lun/Vie 8.30 a 13.30 y 16.30 a 22. Sab 8.30 a 22. Dom y fer 9 a 14 y 17 a 22", "nombre": "San Vicente", "cp": null, "telefono": "4338501/00"}}, {"pk": 148, "model": "precios.sucursal", "fields": {"direccion": "Bv. V\u00e9lez Sarsfield 411", "cadena": 5, "ciudad": 5672, "horarios": "Lun/Sab 8.30 a 22. Dom y fer 9 a 22.", "nombre": "Villa Mar\u00eda", "cp": null, "telefono": "(0353)4526735/38"}}, {"pk": 149, "model": "precios.sucursal", "fields": {"direccion": "Belgrano 800", "cadena": 5, "ciudad": 811, "horarios": "Lun/Vie 8.30 a 21.30. Sab 8 a 22. Dom y fer 9 a 21", "nombre": "Goya", "cp": null, "telefono": "-"}}, {"pk": 150, "model": "precios.sucursal", "fields": {"direccion": "Bartolom\u00e9 Mitre 1300", "cadena": 5, "ciudad": 451, "horarios": "Lun/Vie 8.30 a 21.30. Sab 8 a 22. Dom y fer 9 a 21", "nombre": "Paso de Los Libres", "cp": null, "telefono": "-"}}, {"pk": 151, "model": "precios.sucursal", "fields": {"direccion": "Av 9 de Julio", "cadena": 5, "ciudad": 1097, "horarios": "Lun/Vie 8.30 a 21.30. Sab 8 a 22. Dom y fer 9 a 21", "nombre": "Chajari", "cp": null, "telefono": "-"}}, {"pk": 152, "model": "precios.sucursal", "fields": {"direccion": "San Lorenzo Oeste 235", "cadena": 5, "ciudad": 1013, "horarios": "Lun/Vie 8.30 a 21.30. Sab 8 a 22. Dom y fer 9 a 21", "nombre": "Concordia", "cp": null, "telefono": "4218888"}}, {"pk": 153, "model": "precios.sucursal", "fields": {"direccion": "San Mart\u00edn 1400", "cadena": 5, "ciudad": 805, "horarios": "Lun/Vie 8.30 a 21.30. Sab 8 a 22. Dom y fer 9 a 21", "nombre": "Gualeguaychu", "cp": null, "telefono": "03446-42-0550"}}, {"pk": 154, "model": "precios.sucursal", "fields": {"direccion": "Av Almafuerte 1670", "cadena": 5, "ciudad": 2595, "horarios": "Lun/Vie 8.30 a 21.30. Sab 8 a 22. Dom y fer 9 a 21", "nombre": "Paran\u00e1", "cp": null, "telefono": "0343 4342886/87"}}, {"pk": 155, "model": "precios.sucursal", "fields": {"direccion": "Av Dr. Joaqu\u00edn Carrillo 300", "cadena": 5, "ciudad": 1984, "horarios": "Lun/Vie 8 a 22. Sab 8 a 22. Dom y fer 9 a 22", "nombre": "Ciudad de Nieva", "cp": null, "telefono": "0388 4310771 / 0856 / 0850"}}, {"pk": 156, "model": "precios.sucursal", "fields": {"direccion": "Entre Rios 393", "cadena": 5, "ciudad": 5670, "horarios": "Lun/Sab 8.30 a 13/17 a 22.30. Dom y fer 9 a 14", "nombre": "Entre Rios 393", "cp": null, "telefono": "-"}}, {"pk": 157, "model": "precios.sucursal", "fields": {"direccion": "Gral. G\u00fcemes 955", "cadena": 5, "ciudad": 1984, "horarios": "Lun/Vie 8 a 22. Sab 8 a 22. Dom y fer 9 a 22", "nombre": "G\u00fcemes 955", "cp": null, "telefono": "0388 4223111/ 092"}}, {"pk": 158, "model": "precios.sucursal", "fields": {"direccion": "Av Leandro N. Alem 678", "cadena": 5, "ciudad": 3379, "horarios": "Lun/Vie 8 a 22. Sab 8 a 22. Dom y fer 9 a 22", "nombre": "Av L. N. Alem 678", "cp": null, "telefono": "0380-4421254"}}, {"pk": 159, "model": "precios.sucursal", "fields": {"direccion": "Av Laprida 500", "cadena": 5, "ciudad": 3379, "horarios": "Lun/Vie 8.30 a 22. Sab 8.30 a 22. Dom y fer 8 a 22.", "nombre": "Av. Carlos Menem", "cp": null, "telefono": "03822 466449"}}, {"pk": 160, "model": "precios.sucursal", "fields": {"direccion": "Av Champagnat", "cadena": 5, "ciudad": 2896, "horarios": "Lun/Vie 8.30 a 21.30. Sab 8.30 a 21.30. Dom y fer 9 a 21.30", "nombre": "B.Dalvian", "cp": null, "telefono": "0261 5245400 int. 240"}}, {"pk": 161, "model": "precios.sucursal", "fields": {"direccion": "Am\u00e9rica 2780", "cadena": 5, "ciudad": 3875, "horarios": "Lun/Vie 8.30 a 21.30. Sab 8.30 a 21.30. Dom y fer 9 a 13/17 a 21", "nombre": "G. Cruz-Am\u00e9rica 2780", "cp": null, "telefono": "(0261)427 4516"}}, {"pk": 162, "model": "precios.sucursal", "fields": {"direccion": "Joaqu\u00edn V. Gonz\u00e1lez 555", "cadena": 5, "ciudad": 3875, "horarios": "Lun/Vie 8.30 a 13/16.30 a 21.30. Sab 8.30 a 21.30. Dom y fer cerrado", "nombre": "G. Cruz-J.V.Gonzalez 555", "cp": null, "telefono": "(0261) 4225942/4540"}}, {"pk": 163, "model": "precios.sucursal", "fields": {"direccion": "Paso de Los Andes 850", "cadena": 5, "ciudad": 3875, "horarios": "Lun/Vie 8.30 a 13/16.30 a 21.30. Sab 8.30 a 21.30. Dom y fer cerrado", "nombre": "G. Cruz-P. Andes 850", "cp": null, "telefono": "(0261)428 2700"}}, {"pk": 164, "model": "precios.sucursal", "fields": {"direccion": "Av San Mart\u00edn 698", "cadena": 5, "ciudad": 3875, "horarios": "Lun/Vie 8.30 a 21.30. Sab 8.30 a 21.30. Dom y fer 9 a 21.30", "nombre": "G. Cruz-San Martin 698", "cp": null, "telefono": "(0261)4246104/4246110"}}, {"pk": 165, "model": "precios.sucursal", "fields": {"direccion": "Sarmiento 998", "cadena": 5, "ciudad": 3875, "horarios": "Lun/Vie 8.30 a 21.30. Sab 8.30 a 21.30. Dom y fer 9 a 21.30", "nombre": "G. Cruz-Sarmiento 998", "cp": null, "telefono": "(0261) 452 0408"}}, {"pk": 166, "model": "precios.sucursal", "fields": {"direccion": "Av.Libertador y 25 de mayo", "cadena": 5, "ciudad": 858, "horarios": "Lun/Vie 8.30 a 13/16.30 a 21.30. Sab 8.30 a 21.30. Dom y fer 9 a 13/17 a 21", "nombre": "Gral. Alvear", "cp": null, "telefono": "(02625) 424049"}}, {"pk": 167, "model": "precios.sucursal", "fields": {"direccion": "Lamadrid 300", "cadena": 5, "ciudad": 5668, "horarios": "Lun/Vie 8.30 a 21.30. Sab 8.30 a 21.30. Dom y fer 8.30 a 21.30", "nombre": "Guaymall\u00e9n - Dorrego", "cp": null, "telefono": "(0261) 4310012"}}, {"pk": 168, "model": "precios.sucursal", "fields": {"direccion": "Godoy Cruz 1105", "cadena": 5, "ciudad": 5668, "horarios": "Lun/Vie 8.30 a 13 / 16.30 a 21.30. Sab 8.30 a 21.30. Dom y fer 9 a 13.", "nombre": "Guaymallen-G.Cruz 1105", "cp": null, "telefono": "(0261)4450671"}}, {"pk": 169, "model": "precios.sucursal", "fields": {"direccion": "Godoy Cruz 3825", "cadena": 5, "ciudad": 5668, "horarios": "Lun/Vie 8.30 a 21.30. Sab 8.30 a 21.30. Dom y fer 9 a 21.30", "nombre": "Guaymallen-G.Cruz 3825", "cp": null, "telefono": "(0261)426 2735/4210491"}}, {"pk": 170, "model": "precios.sucursal", "fields": {"direccion": "Matienzo 936", "cadena": 5, "ciudad": 5668, "horarios": "Lun/Vie 8 a 20. Sab 8 a 17. Dom y fer cerrado", "nombre": "Guaymallen-Matienzo", "cp": null, "telefono": "(0261) 445-5442/4453645/4453634"}}, {"pk": 171, "model": "precios.sucursal", "fields": {"direccion": "Molina 325", "cadena": 5, "ciudad": 5668, "horarios": "Lun/Vie 8.30 a 21.30. Sab 8.30 a 21.30. Dom y fer 9 a 21.", "nombre": "Guaymallen-Molina 325", "cp": null, "telefono": "(0261)426 5900/7731"}}, {"pk": 172, "model": "precios.sucursal", "fields": {"direccion": "Las Ca\u00f1as 1831", "cadena": 5, "ciudad": 5668, "horarios": "Lun/Vie 8.30 a 21.30. Sab 8.30 a 21.30. Dom y fer 9 a 21.30", "nombre": "La Barraca Mall", "cp": null, "telefono": "-"}}, {"pk": 173, "model": "precios.sucursal", "fields": {"direccion": "Independencia 1100", "cadena": 5, "ciudad": 5667, "horarios": "Lun/Vie 8.30 a 21.30. Sab 8.30 a 21.30. Dom y fer 9 a 14", "nombre": "Las Heras-Independencia", "cp": null, "telefono": "0261 4485000/4481155/4488888 -"}}, {"pk": 174, "model": "precios.sucursal", "fields": {"direccion": "Moyano 302", "cadena": 5, "ciudad": 5667, "horarios": "Lun/Vie 8.30 a 13.30/16.30 a 21. Sab 8.30 a 21. Dom y fer 9 a 13.30", "nombre": "Las Heras-Moyano 302", "cp": null, "telefono": "(0261) 4303497"}}, {"pk": 175, "model": "precios.sucursal", "fields": {"direccion": "San Miguel 1650", "cadena": 5, "ciudad": 5667, "horarios": "Lun/Vie 8.30 a 21.30. Sab 8.30 a 21.30. Dom y fer 9 a 21.30", "nombre": "Las Heras-S.Miguel", "cp": null, "telefono": "(0261)430 7634/4377763"}}, {"pk": 176, "model": "precios.sucursal", "fields": {"direccion": "San Mart\u00edn 880", "cadena": 5, "ciudad": 3033, "horarios": "Lun/Vie 8.30 a 21.30. Sab 8.30 a 21.30. Dom y fer 9 a 21.30", "nombre": "Luj\u00e1n de Cuyo", "cp": null, "telefono": "(0261) 4985071 / 6603"}}, {"pk": 177, "model": "precios.sucursal", "fields": {"direccion": "Urquiza 3620", "cadena": 5, "ciudad": 599, "horarios": "Lun/Vie 8.30 a 13 / 16.30 a 21.30. Sab 8.30 a 21.30. Dom y fer 9 a 13.", "nombre": "Maip\u00fa-Urquiza 3620", "cp": null, "telefono": "4932250"}}, {"pk": 178, "model": "precios.sucursal", "fields": {"direccion": "V\u00e1zquez 328", "cadena": 5, "ciudad": 599, "horarios": "Lun/Vie 8.30 a 21.30. Sab 8.30 a 21.30. Dom y fer 9 a 21", "nombre": "Maip\u00fa-V\u00e1zquez 328", "cp": null, "telefono": "(0261) 497 2218/4976082"}}, {"pk": 179, "model": "precios.sucursal", "fields": {"direccion": "Av.Roca entre Villa del Milagro y Calle P\u00fablica", "cadena": 5, "ciudad": 2995, "horarios": "Lun/Vie 9.30 a 13/16.30 a 21. Sab 9 a 13/16.30 a 21. Dom y fer 9 a 13/17 a 21", "nombre": "Malargue", "cp": null, "telefono": "02627-412260 / 02627-472259 / 02627-472247"}}, {"pk": 180, "model": "precios.sucursal", "fields": {"direccion": "Santiago del Estero 25", "cadena": 5, "ciudad": 2896, "horarios": "Lun/Vie 8.30 a 21.30. Sab 8.30 a 21.30. Dom y fer 9 a 21.30", "nombre": "Mendoza -Sgo del Estero", "cp": null, "telefono": "(0261)430 3411/ 4307556"}}, {"pk": 181, "model": "precios.sucursal", "fields": {"direccion": "Paso de Los Andes 82", "cadena": 5, "ciudad": 2896, "horarios": "Lun/Vie 9 a 22. Sab 9 a 22. Dom y fer 9 a 22", "nombre": "Mendoza-P. Los Andes", "cp": null, "telefono": "(0261) 426 0623/4261924"}}, {"pk": 182, "model": "precios.sucursal", "fields": {"direccion": "Av San Mart\u00edn Sur 2675", "cadena": 5, "ciudad": 3875, "horarios": "Lun/Vie de 8.30 a 22. Sab 8.30 a 21.30. Dom y fer 9 a 21.30", "nombre": "Palmares", "cp": null, "telefono": "(0261) 439-7145/5960"}}, {"pk": 183, "model": "precios.sucursal", "fields": {"direccion": "Patricias Mendocinas 1800", "cadena": 5, "ciudad": 2896, "horarios": "Lun/Vie 8.30 a 22. Sab 8.30 a 22. Dom y fer 9 a 14", "nombre": "Patricias Mendocinas", "cp": null, "telefono": "(0261) 4294039"}}, {"pk": 184, "model": "precios.sucursal", "fields": {"direccion": "Rivadavia", "cadena": 5, "ciudad": 2155, "horarios": "Lun/Vie 8.30 a 13/16.30 a 21.30. Sab 8.30 a 21. Dom y fer 9 a 13/17 a 21", "nombre": "Rivadavia-Lavalle 942", "cp": null, "telefono": "(2634) 444653"}}, {"pk": 185, "model": "precios.sucursal", "fields": {"direccion": "Bandera de los Andes 10008", "cadena": 5, "ciudad": 5668, "horarios": "Lun/Vie 8.30 a 13/16.30 a 21.30. Sab 8.30 a 21.30. Dom y fer 9 a 13/17 a 21", "nombre": "Rodeo de la Cruz", "cp": null, "telefono": "(0261) 491 2632"}}, {"pk": 186, "model": "precios.sucursal", "fields": {"direccion": "Av Mitre 890", "cadena": 5, "ciudad": 1989, "horarios": "Lun/Sab 8.30 a 13 / 16.30 a 21.30. Dom y fer 9 a 13 / 16.30 a 21", "nombre": "S. Rafael-Av. Mitre 890", "cp": null, "telefono": "(02627)-447051/447052/447053"}}, {"pk": 187, "model": "precios.sucursal", "fields": {"direccion": "Av El Libertador 755", "cadena": 5, "ciudad": 1989, "horarios": "Lun/Sab 8.30 a 13/16.30 a 21.30. Dom y fer 9 a 13", "nombre": "S. Rafael-Av.Libertador", "cp": null, "telefono": "(02627) 438692/ 431192/2743"}}, {"pk": 188, "model": "precios.sucursal", "fields": {"direccion": "Av Hip\u00f3lito Yrigoyen 875", "cadena": 5, "ciudad": 1989, "horarios": "Lun/Vie 8.30 a 21.30. Sab 8.30 a 21.30. Dom y fer 9 a 21.30", "nombre": "S. Rafael-H.Yrigoyen", "cp": null, "telefono": "02627-430802"}}, {"pk": 189, "model": "precios.sucursal", "fields": {"direccion": "San Carlos, Mendoza", "cadena": 5, "ciudad": 247, "horarios": "Lun/Sab 8.30 a 13 / 16.30 a 21.30. Dom y fer 9 a 13 / 17 a 21", "nombre": "San Carlos-D.Bosco 462", "cp": null, "telefono": "02622 451880"}}, {"pk": 190, "model": "precios.sucursal", "fields": {"direccion": "Av Bandera de Los Andes 364", "cadena": 5, "ciudad": 5668, "horarios": "Lun/Sab 8.30 a 13 / 16.30 a 21. Dom y fer 9 a 13 / 17 a 21", "nombre": "San Jos\u00e9-B. los Andes 364", "cp": null, "telefono": "0261 4311864 / 4327010 / 4327015"}}, {"pk": 191, "model": "precios.sucursal", "fields": {"direccion": "9 de Julio 100", "cadena": 5, "ciudad": 2006, "horarios": "Lun/Vie 8.30 a 21.30. Sab 8.30 a 21.30. Dom y fer 9 a 13", "nombre": "San Mart\u00edn-9 de Julio", "cp": null, "telefono": "(02623) 42 1681"}}, {"pk": 192, "model": "precios.sucursal", "fields": {"direccion": "Perrupato 356", "cadena": 5, "ciudad": 2006, "horarios": "Lun/Vie 8.30 a 13 / 16.30 a 21.30. Sab 8.30 a 21.30. Dom y fer 9 a 13", "nombre": "San Mart\u00edn-Perrupato", "cp": null, "telefono": "(02623) 4422050"}}, {"pk": 193, "model": "precios.sucursal", "fields": {"direccion": "Sosa T. 10", "cadena": 5, "ciudad": 2006, "horarios": "Lun/Vie 8.30 a 22. Sab 8.30 a 21.30. Dom y fer 9 a 22", "nombre": "San Martin-T. Sosa", "cp": null, "telefono": "(02623) 430319/297"}}, {"pk": 194, "model": "precios.sucursal", "fields": {"direccion": "Jorge A. Calle 897", "cadena": 5, "ciudad": 2896, "horarios": "Lun/Vie 8.30 a 21.30. Sab 8.30 a 21.30. Dom y fer 9 a 21.30", "nombre": "Sexta Secci\u00f3n", "cp": null, "telefono": "0261 4640700"}}, {"pk": 195, "model": "precios.sucursal", "fields": {"direccion": "Acceso Este Lateral Norte 3280", "cadena": 5, "ciudad": 5668, "horarios": "Lun/Vie 9 a 22. Sab 9 a 22. Dom y fer 9 a 22", "nombre": "Shopping Mendoza", "cp": null, "telefono": "(0261) 4214694/4261924"}}, {"pk": 196, "model": "precios.sucursal", "fields": {"direccion": "Tunuy\u00e1n, Mendoza", "cadena": 5, "ciudad": 1614, "horarios": "Lun/Vie 8.30 a 13/16.30 a 21.30. Sab 8.30 a 21.30. Dom y fer 8.30 a 14.30/16.30 a 21.30", "nombre": "Tunuy\u00e1n-S. Mart\u00edn 1211", "cp": null, "telefono": "(02622) 42 2179/424474"}}, {"pk": 197, "model": "precios.sucursal", "fields": {"direccion": "Tupungato", "cadena": 5, "ciudad": 1613, "horarios": "Lun/Sab 8.30 a 13/16.30 a 21.30. Dom y fer 8.30 a 13/16.30 a 21.30", "nombre": "Tupungato-Liniers 235", "cp": null, "telefono": "02622 489512/489588/489605"}}, {"pk": 198, "model": "precios.sucursal", "fields": {"direccion": "Manuel Lainez 100", "cadena": 5, "ciudad": 2758, "horarios": "Lun/Vie 8.30 a 21.30. Sab 8.30 a 21.30. Dom y fer 9 a 14", "nombre": "Manuel Lainez 100", "cp": null, "telefono": "0299 4473297 / 0299 4434285"}}, {"pk": 199, "model": "precios.sucursal", "fields": {"direccion": "9 de Julio 861", "cadena": 5, "ciudad": 4725, "horarios": "Lun/Vie 8.30 a 21.30. Sab 8 a 13. Dom cerrado. Feriados abierto.", "nombre": "Cipolletti-9 de Julio 861", "cp": null, "telefono": "(0299) 4776422 / 4776251 / 4776066"}}, {"pk": 200, "model": "precios.sucursal", "fields": {"direccion": "General Roca", "cadena": 5, "ciudad": 3909, "horarios": "Lun/Vie 8.30 a 13/16.30 a 21.30. Sab 8.30 a 21.30. Dom y fer 9 a 21.30", "nombre": "Roca-Av.San Juan 2210", "cp": null, "telefono": "02984 429214 / 02984 429139 / 02984 429233"}}, {"pk": 201, "model": "precios.sucursal", "fields": {"direccion": "Ruta 22 y Gdor. Vetirgory", "cadena": 5, "ciudad": 3909, "horarios": "Lun/Vie 8.30 a 21.30. Sab 8.30 a 21.30. Dom y fer 8.30 a 21.30", "nombre": "Roca-R22 y Gdor.Vetirgory", "cp": null, "telefono": "02941 420952 / 02941 420712"}}, {"pk": 202, "model": "precios.sucursal", "fields": {"direccion": "Av Sarmiento 1100", "cadena": 5, "ciudad": 2081, "horarios": "Lun/Vie 8 a 22. Sab 8 a 22. Dom y fer 9 a 22", "nombre": "Av Sarmiento", "cp": null, "telefono": "0387 4222200"}}, {"pk": 203, "model": "precios.sucursal", "fields": {"direccion": "Esteco 680", "cadena": 5, "ciudad": 2081, "horarios": "Lun/Vie 8 a 22. Sab 8 a 22. Dom y fer 9 a 22", "nombre": "Esteco 680", "cp": null, "telefono": "0387 4314777"}}, {"pk": 204, "model": "precios.sucursal", "fields": {"direccion": "Av Combatientes de Malvinas 3900", "cadena": 5, "ciudad": 2081, "horarios": "Lun/Vie 8 a 22. Sab 8 a 22. Dom y fer 9 a 22", "nombre": "Ex Comb. de Malvinas", "cp": null, "telefono": "0387 4963555 / 666 / 888"}}, {"pk": 205, "model": "precios.sucursal", "fields": {"direccion": "Ituzaing\u00f3 374", "cadena": 5, "ciudad": 2081, "horarios": "Lun/Vie 8 a 22.30. Sab 8 a 22.30. Dom y fer cerrado", "nombre": "Ituzaing\u00f3 374", "cp": null, "telefono": "0387 4222977"}}, {"pk": 206, "model": "precios.sucursal", "fields": {"direccion": "Mendoza 225", "cadena": 5, "ciudad": 2081, "horarios": "Lun/Vie 8 a 22. Sab 8 a 22. Dom y fer 9 a 22", "nombre": "Mendoza 225", "cp": null, "telefono": "0387 4229433"}}, {"pk": 207, "model": "precios.sucursal", "fields": {"direccion": "Bartolom\u00e9 Mitre 549", "cadena": 5, "ciudad": 2081, "horarios": "Lun/Vie 8 a 22. Sab 8 a 22. Dom y fer 9 a 22", "nombre": "Mitre 549", "cp": null, "telefono": "0387 4311428"}}, {"pk": 208, "model": "precios.sucursal", "fields": {"direccion": "Florida 50", "cadena": 5, "ciudad": 2081, "horarios": "Lun/Vie 8 a 22.30. Sab 8 a 22. Dom y fer 9 a 21", "nombre": "Peatonal Florida", "cp": null, "telefono": "0387 4319499"}}, {"pk": 209, "model": "precios.sucursal", "fields": {"direccion": "20 de Febrero 400", "cadena": 5, "ciudad": 1988, "horarios": "Lun/Vie 8.30 a 13 / 17 a 22. Sab 8.30 a 22. Dom y fer 8.30 a 22.", "nombre": "S.Ram\u00f3n de la N. Oran", "cp": null, "telefono": "0387 842 3467"}}, {"pk": 210, "model": "precios.sucursal", "fields": {"direccion": "Av Reyes Cat\u00f3licos 1480", "cadena": 5, "ciudad": 2081, "horarios": "Lun/Vie 8 a 22. Sab 8 a 22. Dom y fer 9 a 22", "nombre": "Tres Cerritos", "cp": null, "telefono": "0387 4394186"}}, {"pk": 211, "model": "precios.sucursal", "fields": {"direccion": "25 de Mayo Este 400", "cadena": 5, "ciudad": 5673, "horarios": "Lun/Vie 8.30 a 22. Sab 8.30 a 22. Dom y fer 9 a 22.", "nombre": "25 de Mayo y Jujuy", "cp": null, "telefono": "0264 4275885"}}, {"pk": 212, "model": "precios.sucursal", "fields": {"direccion": "Gral. Acha", "cadena": 5, "ciudad": 5673, "horarios": "Lun/Vie 8.30 a 13.30/16.30 a 21.30. Sab 8.30 a 21.30. Dom y fer 9 a 13.30", "nombre": "Capital-Gral.Acha", "cp": null, "telefono": "(0264) 4223848/4224570"}}, {"pk": 213, "model": "precios.sucursal", "fields": {"direccion": "Gral. Mariano Acha Sur 130", "cadena": 5, "ciudad": 5673, "horarios": "Lun/Vie 8.30 a 21.30. Sab 8.30 a 21.30. Dom y fer cerrado", "nombre": "Capital-Gral.Acha Sur", "cp": null, "telefono": "(0264) 4227791/4227792"}}, {"pk": 214, "model": "precios.sucursal", "fields": {"direccion": "Salta Norte 1048", "cadena": 5, "ciudad": 5673, "horarios": "Lun/Vie 8.30 a 13/16.30 a 21.30. Sab 8.30 a 21.30. Dom y fer 9 a 13.320", "nombre": "Capital-Salta 1048", "cp": null, "telefono": "(0264) 4213282/4219645"}}, {"pk": 215, "model": "precios.sucursal", "fields": {"direccion": "Caucete, San Juan", "cadena": 5, "ciudad": 4876, "horarios": "Lun/Sab 8.30 a 13/16.30 a 21.30. Dom y fer 9 a 13/17 a 21", "nombre": "Caucete-D.Sarmiento", "cp": null, "telefono": "(0264) 4963030/ 4962400"}}, {"pk": 216, "model": "precios.sucursal", "fields": {"direccion": "Av Libertador General San Mart\u00edn Oeste 2359", "cadena": 5, "ciudad": 5673, "horarios": "Lun/Sab 8.30 a 13.30 / 16.30 a 21.30. Dom y fer 9 a 13 / 17 a 21", "nombre": "Desamparados-Av.Ldor.", "cp": null, "telefono": "(0264) 4260079/4263066"}}, {"pk": 217, "model": "precios.sucursal", "fields": {"direccion": "Av Jos\u00e9 Ignacio de la Roza Oeste 1986", "cadena": 5, "ciudad": 5673, "horarios": "Lun/Vie 8.30 a 22. Sab 8.30 a 22. Dom y fer 9 a 22", "nombre": "Desamparados-I. Roza", "cp": null, "telefono": "(0264) 4238269/4239492"}}, {"pk": 218, "model": "precios.sucursal", "fields": {"direccion": "Rep. del L\u00edbano Oeste", "cadena": 5, "ciudad": 2216, "horarios": "Lun/Sab 8.30 a 13 / 16.30 a 21.30. Dom y fer cerrado", "nombre": "Rawson-R.L\u00edbano y Alvear", "cp": null, "telefono": "(0264) 4284772/4284801/ 4768"}}, {"pk": 219, "model": "precios.sucursal", "fields": {"direccion": "Sarmiento Oeste", "cadena": 5, "ciudad": 2216, "horarios": "Lun/Vie 8.30 a 21.30. Sab 8.30 a 21.30. Dom y fer 9 a 13", "nombre": "Rawson-Sarmiento O. 420", "cp": null, "telefono": "(0264) 4284295 / 96"}}, {"pk": 220, "model": "precios.sucursal", "fields": {"direccion": "Av Libertador General San Mart\u00edn Oeste 4795", "cadena": 5, "ciudad": 2155, "horarios": "Lun/Vie 8.30 a 13.30/17 a 22. Sab 8.30 a 22. Dom y fer 9 a 13.30/17 a 21.30", "nombre": "Rivadavia", "cp": null, "telefono": "(0264) 433137"}}, {"pk": 221, "model": "precios.sucursal", "fields": {"direccion": "Julio Argentino Roca 300", "cadena": 5, "ciudad": 2009, "horarios": "Lun/Vie 8.30 a 22. Sab 8.30 a 22. Dom y fer 8 a 22.30", "nombre": "Julio Roca esq Per\u00f3n", "cp": null, "telefono": "(0266) 4431140 / 4435650 / 4430575"}}, {"pk": 222, "model": "precios.sucursal", "fields": {"direccion": "San Mart\u00edn 1142", "cadena": 5, "ciudad": 2009, "horarios": "Lun/Vie 8.30 a 21.30. Sab 8.30 a 21.30. Dom y fer 9 a 13 / 17 a 21", "nombre": "San Martin 1142", "cp": null, "telefono": "02664 427591 / 93 / 97"}}, {"pk": 223, "model": "precios.sucursal", "fields": {"direccion": "Av 25 de Mayo 80", "cadena": 5, "ciudad": 1427, "horarios": "Lun/Sab 8.30 a 13 / 16.30 a 21.30. Dom y fer cerrado", "nombre": "V. Mercedes-25 de Mayo", "cp": null, "telefono": "(02657) 437377 / 76"}}, {"pk": 224, "model": "precios.sucursal", "fields": {"direccion": "Av Mitre 667", "cadena": 5, "ciudad": 1427, "horarios": "Lun/Vie 8.30 a 21.30. Sab 8.30 a 21.30. Dom y fer 9 a 21.30", "nombre": "V. Mercedes-Mitre 667", "cp": null, "telefono": "(02657) 425360 / 425365"}}, {"pk": 225, "model": "precios.sucursal", "fields": {"direccion": "Ruta Nacional 9 800", "cadena": 5, "ciudad": 3972, "horarios": "Lun/Vie de 8.30 a 21.30. Sab 8 a 22. Dom y fer 9 a 21", "nombre": "Funes", "cp": null, "telefono": "-"}}, {"pk": 226, "model": "precios.sucursal", "fields": {"direccion": "Av. Belgrano Sur 433", "cadena": 5, "ciudad": 1945, "horarios": "Lun/Vie 8 a 22. Sab 8 a 22. Dom y fer cerrado.", "nombre": "Av. Belgrano Sur 433", "cp": null, "telefono": "0385 4222482 / 4240944 / 4227223"}}, {"pk": 227, "model": "precios.sucursal", "fields": {"direccion": "Acceso Av. Rivadavia", "cadena": 5, "ciudad": 1945, "horarios": "Lun/Vie 8 a 22. Sab 8 a 22. Dom y fer 9 a 22", "nombre": "Av. Rivadavia y Ej. Argentino", "cp": null, "telefono": "0385 4240478"}}, {"pk": 228, "model": "precios.sucursal", "fields": {"direccion": "Juan Bautista Alberdi,Tucum\u00e1n", "cadena": 5, "ciudad": 1535, "horarios": "Lun/Vie 8 a 13 / 17 a 22. Sab 8 a 22. Dom y fer cerrado.", "nombre": "Alberdi-Rivadavia 740", "cp": null, "telefono": "03865 471558"}}, {"pk": 229, "model": "precios.sucursal", "fields": {"direccion": "Av Belgrano 3590", "cadena": 5, "ciudad": 1999, "horarios": "Lun/Vie de 8 a 22. Sab 8 a 22. Dom y fer 9 a 22", "nombre": "Am\u00e9rica y Belgrano", "cp": null, "telefono": "0381-4854126"}}, {"pk": 230, "model": "precios.sucursal", "fields": {"direccion": "Av Alem 240", "cadena": 5, "ciudad": 1999, "horarios": "Lun/Vie de 8 a 22. Sab 8 a 22. Dom y fer 9 a 22", "nombre": "Av Alem 240", "cp": null, "telefono": "0381-4202625"}}, {"pk": 231, "model": "precios.sucursal", "fields": {"direccion": "Av Brigido B. Ter\u00e1n 250", "cadena": 5, "ciudad": 1999, "horarios": "Lun/Vie de 8 a 22. Sab 8 a 22. Dom y fer 9 a 22", "nombre": "Av Brigido B. Ter\u00e1n 250", "cp": null, "telefono": "0381-4212709"}}, {"pk": 232, "model": "precios.sucursal", "fields": {"direccion": "Av Col\u00f3n 651", "cadena": 5, "ciudad": 1999, "horarios": "Lun/Vie de 8 a 22. Sab 8 a 22. Dom y fer 9 a 22", "nombre": "Av Col\u00f3n 651", "cp": null, "telefono": "-"}}, {"pk": 233, "model": "precios.sucursal", "fields": {"direccion": "Av Fco. de Aguirre 2300", "cadena": 5, "ciudad": 1999, "horarios": "Lun/Vie de 8.30 a 22. Sab 8.30 a 22. Dom y fer 9 a 22", "nombre": "Av Ej\u00e9rcito y F.de Aguirre", "cp": null, "telefono": "-"}}, {"pk": 234, "model": "precios.sucursal", "fields": {"direccion": "Av Gdor. del Campo 1150", "cadena": 5, "ciudad": 1999, "horarios": "Lun/Vie de 8 a 22. Sab 8 a 22. Dom y fer 9 a 22", "nombre": "Av G. del Campo 1150", "cp": null, "telefono": "0381-4280585"}}, {"pk": 235, "model": "precios.sucursal", "fields": {"direccion": "Av Gral. Roca 759", "cadena": 5, "ciudad": 1999, "horarios": "Lun/Vie de 8 a 22. Sab 8 a 22. Dom y fer 9 a 22", "nombre": "Av Gral. Roca 759", "cp": null, "telefono": "0381-4201235"}}, {"pk": 236, "model": "precios.sucursal", "fields": {"direccion": "Av Mate de Luna 2850", "cadena": 5, "ciudad": 1999, "horarios": "Lun/Vie de 8.30 a 22. Sab 8.30 a 22. Dom y fer 9 a 22", "nombre": "Av Mate de Luna 2850", "cp": null, "telefono": "0381-4381083"}}, {"pk": 237, "model": "precios.sucursal", "fields": {"direccion": "Av Sarmiento 750", "cadena": 5, "ciudad": 1999, "horarios": "Lun/Vie de 8 a 22. Sab 8 a 22. Dom y fer 9 a 22", "nombre": "Av Sarmiento 750", "cp": null, "telefono": "0381-4221151"}}, {"pk": 238, "model": "precios.sucursal", "fields": {"direccion": "Concepcion, Tucuman", "cadena": 5, "ciudad": 5671, "horarios": "Lun/Vie 8 a 22. Sab 8 a 22. Dom y fer 8.30 a 13", "nombre": "Concepci\u00f3n-Rivadavia 36", "cp": null, "telefono": "03865 424676/750"}}, {"pk": 239, "model": "precios.sucursal", "fields": {"direccion": "C\u00f3rdoba 649", "cadena": 5, "ciudad": 1999, "horarios": "Lun/Vie de 8 a 22. Sab 8 a 22. Dom y fer cerrado", "nombre": "C\u00f3rdoba 649", "cp": null, "telefono": "0381-4308088"}}, {"pk": 240, "model": "precios.sucursal", "fields": {"direccion": "Monteros, Tucum\u00e1n", "cadena": 5, "ciudad": 2817, "horarios": "Lun/Sab 8 a 13 / 17 a 22.Dom y fer 8.30 a 13.", "nombre": "Monteros - Alberdi 240", "cp": null, "telefono": "03863 420221"}}, {"pk": 241, "model": "precios.sucursal", "fields": {"direccion": "Av Leandro N. Alem 618", "cadena": 5, "ciudad": 1795, "horarios": "Lun/Vie 8 a 22. Sab 8 a 22. Dom y fer 9 a 14.", "nombre": "Taf\u00ed Viejo", "cp": null, "telefono": "0381 4926407"}}, {"pk": 242, "model": "precios.sucursal", "fields": {"direccion": "Av Aconquija 1799", "cadena": 5, "ciudad": 5669, "horarios": "Lun/Vie 8 a 22. Sab 8 a 22. Dom y fer 8.30 a 22", "nombre": "Yerba Buena", "cp": null, "telefono": "0381 4254387"}}, {"pk": 243, "model": "precios.sucursal", "fields": {"direccion": "", "cadena": 1, "ciudad": 1157, "horarios": null, "nombre": "Walmart Online", "cp": null, "telefono": null}}]